2022-01-05,179.61000061035156,180.1699981689453,174.63999938964844,172.2902069091797,down
2022-01-06,172.6999969482422,175.3000030517578,171.63999938964844,169.4141082763672,down
2022-01-07,172.88999938964844,174.13999938964844,171.02999877929688,169.58154296875,up
2022-01-10,169.0800018310547,172.5,168.1699981689453,169.60125732421875,up
2022-01-11,172.32000732421875,175.17999267578125,170.82000732421875,172.44778442382812,up
2022-01-12,176.1199951171875,177.17999267578125,174.82000732421875,172.8910369873047,up
2022-01-13,175.77999877929688,176.6199951171875,171.7899932861328,169.60125732421875,down
2022-01-14,171.33999633789062,173.77999877929688,171.08999633789062,170.46803283691406,up
2022-01-18,171.50999450683594,172.5399932861328,169.41000366210938,167.24717712402344,down
2022-01-19,170.0,171.0800018310547,165.94000244140625,163.73086547851562,down
2022-01-20,166.97999572753906,169.67999267578125,164.17999267578125,162.03672790527344,down
2022-01-21,164.4199981689453,166.3300018310547,162.3000030517578,159.9683074951172,down
2022-01-24,160.02000427246094,162.3000030517578,154.6999969482422,159.19015502929688,down
2022-01-25,158.97999572753906,162.75999450683594,157.02000427246094,157.37782287597656,down
2022-01-26,163.5,164.38999938964844,157.82000732421875,157.28919982910156,down
2022-01-27,162.4499969482422,163.83999633789062,158.27999877929688,156.82623291015625,down
2022-01-28,165.7100067138672,170.35000610351562,162.8000030517578,167.76922607421875,up
2022-01-31,170.16000366210938,175.0,169.50999450683594,172.15228271484375,up
2022-02-01,174.00999450683594,174.83999633789062,172.30999755859375,171.98486328125,down
2022-02-02,174.75,175.8800048828125,173.3300018310547,173.19638061523438,up
2022-02-03,174.47999572753906,176.24000549316406,172.1199951171875,170.30056762695312,down
2022-02-04,171.67999267578125,174.10000610351562,170.67999267578125,170.01455688476562,down
2022-02-07,172.86000061035156,173.9499969482422,170.9499969482422,169.29466247558594,down
2022-02-08,171.72999572753906,175.35000610351562,171.42999267578125,172.42095947265625,up
2022-02-09,176.0500030517578,176.64999389648438,174.89999389648438,173.85096740722656,up
2022-02-10,174.13999938964844,175.47999572753906,171.5500030517578,169.74827575683594,down
2022-02-11,172.3300018310547,173.0800018310547,168.0399932861328,166.31625366210938,down
2022-02-14,167.3699951171875,169.5800018310547,166.55999755859375,166.5529327392578,up
2022-02-15,170.97000122070312,172.9499969482422,170.25,170.40907287597656,up
2022-02-16,171.85000610351562,173.33999633789062,170.0500030517578,170.17237854003906,down
2022-02-17,171.02999877929688,171.91000366210938,168.47000122070312,166.5529327392578,down
2022-02-18,169.82000732421875,170.5399932861328,166.19000244140625,164.99472045898438,down
2022-02-22,164.97999572753906,166.69000244140625,162.14999389648438,162.05580139160156,down
2022-02-23,165.5399932861328,166.14999389648438,159.75,157.8643341064453,down
2022-02-24,152.5800018310547,162.85000610351562,152.0,160.49755859375,up
2022-02-25,163.83999633789062,165.1199951171875,160.8699951171875,162.57846069335938,up
2022-02-28,163.05999755859375,165.4199981689453,162.42999267578125,162.8447723388672,up
2022-03-01,164.6999969482422,166.60000610351562,161.97000122070312,160.95118713378906,down
2022-03-02,164.38999938964844,167.36000061035156,162.9499969482422,164.26490783691406,up
2022-03-03,168.47000122070312,168.91000366210938,165.5500030517578,163.939453125,down
2022-03-04,164.49000549316406,165.5500030517578,162.10000610351562,160.921630859375,down
2022-03-07,163.36000061035156,165.02000427246094,159.0399932861328,157.10494995117188,down
2022-03-08,158.82000732421875,162.8800048828125,155.8000030517578,155.27056884765625,down
2022-03-09,161.47999572753906,163.41000366210938,159.41000366210938,160.7046661376953,up
2022-03-10,160.1999969482422,160.38999938964844,155.97999572753906,156.33567810058594,down
2022-03-11,158.92999267578125,159.27999877929688,154.5,152.59793090820312,down
2022-03-14,151.4499969482422,154.1199951171875,150.10000610351562,148.54457092285156,down
2022-03-15,150.89999389648438,155.57000732421875,150.3800048828125,152.95297241210938,up
2022-03-16,157.0500030517578,160.0,154.4600067138672,157.3909454345703,up
2022-03-17,158.61000061035156,161.0,157.6300048828125,158.40673828125,up
2022-03-18,160.50999450683594,164.47999572753906,159.75999450683594,161.720458984375,up
2022-03-21,163.50999450683594,166.35000610351562,163.00999450683594,163.10118103027344,up
2022-03-22,165.50999450683594,169.4199981689453,164.91000366210938,166.4937744140625,up
2022-03-23,167.99000549316406,172.63999938964844,167.64999389648438,167.86460876464844,up
2022-03-24,171.05999755859375,174.13999938964844,170.2100067138672,171.6714324951172,up
2022-03-25,173.8800048828125,175.27999877929688,172.75,172.31246948242188,up
2022-03-28,172.1699981689453,175.72999572753906,172.0,173.18035888671875,up
2022-03-29,176.69000244140625,179.00999450683594,176.33999633789062,176.49404907226562,up
2022-03-30,178.5500030517578,179.61000061035156,176.6999969482422,175.32044982910156,down
2022-03-31,177.83999633789062,178.02999877929688,174.39999389648438,172.20399475097656,down
2022-04-01,174.02999877929688,174.8800048828125,171.94000244140625,171.9081268310547,down
2022-04-04,174.57000732421875,178.49000549316406,174.44000244140625,175.981201171875,up
2022-04-05,177.5,178.3000030517578,174.4199981689453,172.6477813720703,down
2022-04-06,172.36000061035156,173.6300048828125,170.1300048828125,169.4622802734375,down
2022-04-07,171.16000366210938,173.36000061035156,169.85000610351562,169.7680206298828,up
2022-04-08,171.77999877929688,171.77999877929688,169.1999969482422,167.74627685546875,down
2022-04-11,168.7100067138672,169.02999877929688,165.5,163.466064453125,down
2022-04-12,168.02000427246094,169.8699951171875,166.63999938964844,165.34976196289062,up
2022-04-13,167.38999938964844,171.0399932861328,166.77000427246094,168.05198669433594,up
2022-04-14,170.6199951171875,171.27000427246094,165.0399932861328,163.01242065429688,down
2022-04-18,163.9199981689453,166.60000610351562,163.57000732421875,162.79544067382812,down
2022-04-19,165.02000427246094,167.82000732421875,163.91000366210938,165.09332275390625,up
2022-04-20,168.75999450683594,168.8800048828125,166.10000610351562,164.9256591796875,down
2022-04-21,168.91000366210938,171.52999877929688,165.91000366210938,164.12681579589844,down
2022-04-22,166.4600067138672,167.8699951171875,161.5,159.5606231689453,down
2022-04-25,161.1199951171875,163.1699981689453,158.4600067138672,160.63565063476562,up
2022-04-26,162.25,162.33999633789062,156.72000122070312,154.639404296875,down
2022-04-27,155.91000366210938,159.7899932861328,155.3800048828125,154.41256713867188,down
2022-04-28,159.25,164.52000427246094,158.92999267578125,161.38516235351562,up
2022-04-29,161.83999633789062,166.1999969482422,157.25,155.4776611328125,down
2022-05-02,156.7100067138672,158.22999572753906,153.27000427246094,155.7834014892578,up
2022-05-03,158.14999389648438,160.7100067138672,156.32000732421875,157.28245544433594,up
2022-05-04,159.6699981689453,166.47999572753906,159.25999450683594,163.7323455810547,up
2022-05-05,163.85000610351562,164.0800018310547,154.9499969482422,154.6098175048828,down
2022-05-06,156.00999450683594,159.44000244140625,154.17999267578125,155.34068298339844,up
2022-05-09,154.92999267578125,155.8300018310547,151.49000549316406,150.18504333496094,down
2022-05-10,155.52000427246094,156.74000549316406,152.92999267578125,152.60482788085938,up
2022-05-11,153.5,155.4499969482422,145.80999755859375,144.693603515625,down
2022-05-12,142.77000427246094,146.1999969482422,138.8000030517578,140.80218505859375,down
2022-05-13,144.58999633789062,148.10000610351562,143.11000061035156,145.29608154296875,up
2022-05-16,145.5500030517578,147.52000427246094,144.17999267578125,143.74545288085938,down
2022-05-17,148.86000061035156,149.77000427246094,146.67999267578125,147.3998260498047,up
2022-05-18,146.85000610351562,147.36000061035156,139.89999389648438,139.08364868164062,down
2022-05-19,139.8800048828125,141.66000366210938,136.60000610351562,135.65643310546875,down
2022-05-20,139.08999633789062,140.6999969482422,132.61000061035156,135.89344787597656,up
2022-05-23,137.7899932861328,143.25999450683594,137.64999389648438,141.34539794921875,up
2022-05-24,140.80999755859375,141.97000122070312,137.3300018310547,138.6293182373047,down
2022-05-25,138.42999267578125,141.7899932861328,138.33999633789062,138.78736877441406,up
2022-05-26,137.38999938964844,144.33999633789062,137.13999938964844,142.00711059570312,up
2022-05-27,145.38999938964844,149.67999267578125,145.25999450683594,147.79489135742188,up
2022-05-31,149.07000732421875,150.66000366210938,146.83999633789062,147.00474548339844,down
2022-06-01,149.89999389648438,151.74000549316406,147.67999267578125,146.8763427734375,down
2022-06-02,147.8300018310547,151.27000427246094,146.86000061035156,149.34555053710938,up
2022-06-03,146.89999389648438,147.97000122070312,144.4600067138672,143.58741760253906,down
2022-06-06,147.02999877929688,148.57000732421875,144.89999389648438,144.33804321289062,up
2022-06-07,144.35000610351562,149.0,144.10000610351562,146.8763427734375,up
2022-06-08,148.5800018310547,149.8699951171875,147.4600067138672,146.13560485839844,down
2022-06-09,147.0800018310547,147.9499969482422,142.52999877929688,140.88119506835938,down
2022-06-10,140.27999877929688,140.75999450683594,137.05999755859375,135.4391632080078,down
2022-06-13,132.8699951171875,135.1999969482422,131.44000244140625,130.25390625,down
2022-06-14,133.1300048828125,133.88999938964844,131.47999572753906,131.12301635742188,up
2022-06-15,134.2899932861328,137.33999633789062,132.16000366210938,133.7600860595703,up
2022-06-16,132.0800018310547,132.38999938964844,129.0399932861328,128.45631408691406,down
2022-06-17,130.07000732421875,133.0800018310547,129.80999755859375,129.9378204345703,up
2022-06-21,133.4199981689453,137.05999755859375,133.32000732421875,134.1946563720703,up
2022-06-22,134.7899932861328,137.75999450683594,133.91000366210938,133.68109130859375,down
2022-06-23,136.82000732421875,138.58999633789062,135.6300048828125,136.56509399414062,up
2022-06-24,139.89999389648438,141.91000366210938,139.77000427246094,139.9132843017578,up
2022-06-27,142.6999969482422,143.49000549316406,140.97000122070312,139.9132843017578,down
2022-06-28,142.1300048828125,143.4199981689453,137.32000732421875,135.7453155517578,down
2022-06-29,137.4600067138672,140.6699981689453,136.6699981689453,137.51324462890625,up
2022-06-30,137.25,138.3699951171875,133.77000427246094,135.0341796875,down
2022-07-01,136.0399932861328,139.0399932861328,135.66000366210938,137.21693420410156,up
2022-07-05,137.77000427246094,141.61000061035156,136.92999267578125,139.81451416015625,up
2022-07-06,141.35000610351562,144.1199951171875,141.0800018310547,141.15774536132812,up
2022-07-07,143.2899932861328,146.5500030517578,143.27999877929688,144.5454559326172,up
2022-07-08,145.25999450683594,147.5500030517578,145.0,145.22695922851562,up
2022-07-11,145.6699981689453,146.63999938964844,143.77999877929688,143.08370971679688,down
2022-07-12,145.75999450683594,148.4499969482422,145.0500030517578,144.06150817871094,up
2022-07-13,142.99000549316406,146.4499969482422,142.1199951171875,143.69606018066406,down
2022-07-14,144.0800018310547,148.9499969482422,143.25,146.63929748535156,up
2022-07-15,149.77999877929688,150.86000061035156,148.1999969482422,148.31834411621094,up
2022-07-18,150.74000549316406,151.57000732421875,146.6999969482422,145.256591796875,down
2022-07-19,147.9199981689453,151.22999572753906,146.91000366210938,149.13815307617188,up
2022-07-20,151.1199951171875,153.72000122070312,150.3699951171875,151.15296936035156,up
2022-07-21,154.5,155.57000732421875,151.94000244140625,153.43447875976562,up
2022-07-22,155.38999938964844,156.27999877929688,153.41000366210938,152.19003295898438,down
2022-07-25,154.00999450683594,155.0399932861328,152.27999877929688,151.06407165527344,down
2022-07-26,152.25999450683594,153.08999633789062,150.8000030517578,149.73074340820312,down
2022-07-27,152.5800018310547,157.3300018310547,152.16000366210938,154.85670471191406,up
2022-07-28,156.97999572753906,157.63999938964844,154.41000366210938,155.40982055664062,up
2022-07-29,161.24000549316406,163.6300048828125,159.5,160.50621032714844,up
2022-08-01,161.00999450683594,163.58999633789062,160.88999938964844,159.51853942871094,down
2022-08-02,160.10000610351562,162.41000366210938,159.6300048828125,158.0369873046875,down
2022-08-03,160.83999633789062,166.58999633789062,160.75,164.08155822753906,up
2022-08-04,166.00999450683594,167.19000244140625,164.42999267578125,163.7655029296875,down
2022-08-05,163.2100067138672,165.85000610351562,163.0,163.53802490234375,down
2022-08-08,166.3699951171875,167.80999755859375,164.1999969482422,163.0632781982422,down
2022-08-09,164.02000427246094,165.82000732421875,163.25,163.11273193359375,up
2022-08-10,167.67999267578125,169.33999633789062,166.89999389648438,167.38539123535156,up
2022-08-11,170.05999755859375,170.99000549316406,168.19000244140625,166.64361572265625,down
2022-08-12,169.82000732421875,172.1699981689453,169.39999389648438,170.21405029296875,up
2022-08-15,171.52000427246094,173.38999938964844,171.35000610351562,171.29212951660156,up
2022-08-16,172.77999877929688,173.7100067138672,171.66000366210938,171.1338653564453,down
2022-08-17,172.77000427246094,176.14999389648438,172.57000732421875,172.63722229003906,up
2022-08-18,173.75,174.89999389648438,173.1199951171875,172.24160766601562,down
2022-08-19,173.02999877929688,173.74000549316406,171.30999755859375,169.64041137695312,down
2022-08-22,169.69000244140625,169.86000061035156,167.13999938964844,165.73370361328125,down
2022-08-23,167.0800018310547,168.7100067138672,166.64999389648438,165.39743041992188,down
2022-08-24,167.32000732421875,168.11000061035156,166.25,165.6941375732422,up
2022-08-25,168.77999877929688,170.13999938964844,168.35000610351562,168.16673278808594,up
2022-08-26,170.57000732421875,171.0500030517578,163.55999755859375,161.82696533203125,down
2022-08-29,161.14999389648438,162.89999389648438,159.82000732421875,159.61155700683594,down
2022-08-30,162.1300048828125,162.55999755859375,157.72000122070312,157.16860961914062,down
2022-08-31,160.30999755859375,160.5800018310547,157.13999938964844,155.4971160888672,down
2022-09-01,156.63999938964844,158.4199981689453,154.6699981689453,156.22903442382812,up
2022-09-02,159.75,160.36000061035156,154.97000122070312,154.1025848388672,down
2022-09-06,156.47000122070312,157.08999633789062,153.69000244140625,152.83657836914062,down
2022-09-07,154.82000732421875,156.6699981689453,153.61000061035156,154.25096130371094,up
2022-09-08,154.63999938964844,156.36000061035156,152.67999267578125,152.7673797607422,down
2022-09-09,155.47000122070312,157.82000732421875,154.75,155.64547729492188,up
2022-09-12,159.58999633789062,164.25999450683594,159.3000030517578,161.63905334472656,up
2022-09-13,159.89999389648438,160.5399932861328,153.3699951171875,152.15415954589844,down
2022-09-14,154.7899932861328,157.10000610351562,153.61000061035156,153.60806274414062,up
2022-09-15,154.64999389648438,155.24000549316406,151.3800048828125,150.7002716064453,down
2022-09-16,151.2100067138672,151.35000610351562,148.3699951171875,149.04855346679688,down
2022-09-19,149.30999755859375,154.55999755859375,149.10000610351562,152.7871551513672,up
2022-09-20,153.39999389648438,158.0800018310547,153.0800018310547,155.18063354492188,up
2022-09-21,157.33999633789062,158.74000549316406,153.60000610351562,152.03546142578125,down
2022-09-22,152.3800048828125,154.47000122070312,150.91000366210938,151.06622314453125,down
2022-09-23,151.19000244140625,151.47000122070312,148.55999755859375,148.78152465820312,down
2022-09-26,149.66000366210938,153.77000427246094,149.63999938964844,149.11781311035156,up
2022-09-27,152.74000549316406,154.72000122070312,149.9499969482422,150.09695434570312,up
2022-09-28,147.63999938964844,150.63999938964844,144.83999633789062,148.19798278808594,down
2022-09-29,146.10000610351562,146.72000122070312,140.67999267578125,140.91864013671875,down
2022-09-30,141.27999877929688,143.10000610351562,138.0,136.685546875,down
2022-10-03,138.2100067138672,143.07000732421875,137.69000244140625,140.88897705078125,up
2022-10-04,145.02999877929688,146.22000122070312,144.25999450683594,144.49899291992188,up
2022-10-05,144.07000732421875,147.3800048828125,143.00999450683594,144.7957000732422,up
2022-10-06,145.80999755859375,147.5399932861328,145.22000122070312,143.8363037109375,down
2022-10-07,142.5399932861328,143.10000610351562,139.4499969482422,138.55484008789062,down
2022-10-10,140.4199981689453,141.88999938964844,138.57000732421875,138.8812255859375,up
2022-10-11,139.89999389648438,141.35000610351562,138.22000122070312,137.4569854736328,down
2022-10-12,139.1300048828125,140.36000061035156,138.16000366210938,136.8240203857422,down
2022-10-13,134.99000549316406,143.58999633789062,134.3699951171875,141.42306518554688,up
2022-10-14,144.30999755859375,144.52000427246094,138.19000244140625,136.86358642578125,down
2022-10-17,141.07000732421875,142.89999389648438,140.27000427246094,140.8494110107422,up
2022-10-18,145.49000549316406,146.6999969482422,140.61000061035156,142.17471313476562,up
2022-10-19,141.69000244140625,144.9499969482422,141.5,142.28350830078125,up
2022-10-20,143.02000427246094,145.88999938964844,142.64999389648438,141.81869506835938,down
2022-10-21,142.8699951171875,147.85000610351562,142.64999389648438,145.65614318847656,up
2022-10-24,147.19000244140625,150.22999572753906,146.0,147.812255859375,up
2022-10-25,150.08999633789062,152.49000549316406,149.36000061035156,150.67059326171875,up
2022-10-26,150.9600067138672,151.99000549316406,148.0399932861328,147.71336364746094,down
2022-10-27,148.07000732421875,149.0500030517578,144.1300048828125,143.21322631835938,down
2022-10-28,148.1999969482422,157.5,147.82000732421875,154.03334045410156,up
2022-10-31,153.16000366210938,154.24000549316406,151.9199981689453,151.65963745117188,down
2022-11-01,155.0800018310547,155.4499969482422,149.1300048828125,148.99913024902344,down
2022-11-02,148.9499969482422,152.1699981689453,145.0,143.44068908691406,down
2022-11-03,142.05999755859375,142.8000030517578,138.75,137.35809326171875,down
2022-11-04,142.08999633789062,142.6699981689453,134.3800048828125,137.0906219482422,down
2022-11-07,137.11000061035156,139.14999389648438,135.6699981689453,137.6255645751953,up
2022-11-08,140.41000366210938,141.42999267578125,137.49000549316406,138.20018005371094,up
2022-11-09,138.5,138.5500030517578,134.58999633789062,133.61331176757812,down
2022-11-10,141.24000549316406,146.8699951171875,139.5,145.5015106201172,up
2022-11-11,145.82000732421875,150.00999450683594,144.3699951171875,148.3051300048828,up
2022-11-14,148.97000122070312,150.27999877929688,147.42999267578125,146.8983612060547,down
2022-11-15,152.22000122070312,153.58999633789062,148.55999755859375,148.64193725585938,up
2022-11-16,149.1300048828125,149.8699951171875,147.2899932861328,147.40359497070312,down
2022-11-17,146.42999267578125,151.47999572753906,146.14999389648438,149.31564331054688,up
2022-11-18,152.30999755859375,152.6999969482422,149.97000122070312,149.88034057617188,up
2022-11-21,150.16000366210938,150.3699951171875,147.72000122070312,146.63087463378906,down
2022-11-22,148.1300048828125,150.4199981689453,146.92999267578125,148.78065490722656,up
2022-11-23,149.4499969482422,151.8300018310547,149.33999633789062,149.6623992919922,up
2022-11-25,148.30999755859375,148.8800048828125,147.1199951171875,146.7299346923828,down
2022-11-28,145.13999938964844,146.63999938964844,143.3800048828125,142.87620544433594,down
2022-11-29,144.2899932861328,144.80999755859375,140.35000610351562,139.8546142578125,down
2022-11-30,141.39999389648438,148.72000122070312,140.5500030517578,146.65066528320312,up
2022-12-01,148.2100067138672,149.1300048828125,146.61000061035156,146.92808532714844,up
2022-12-02,145.9600067138672,148.0,145.64999389648438,146.43275451660156,down
2022-12-05,147.77000427246094,150.9199981689453,145.77000427246094,145.26376342773438,down
2022-12-06,147.07000732421875,147.3000030517578,141.9199981689453,141.5784149169922,down
2022-12-07,142.19000244140625,143.3699951171875,140.0,139.62677001953125,down
2022-12-08,142.36000061035156,143.52000427246094,141.10000610351562,141.32081604003906,up
2022-12-09,142.33999633789062,145.57000732421875,140.89999389648438,140.8354034423828,down
2022-12-12,142.6999969482422,144.5,141.05999755859375,143.1436767578125,up
2022-12-13,149.5,149.97000122070312,144.24000549316406,144.11456298828125,up
2022-12-14,145.35000610351562,146.66000366210938,141.16000366210938,141.87562561035156,down
2022-12-15,141.11000061035156,141.8000030517578,136.02999877929688,135.22813415527344,down
2022-12-16,136.69000244140625,137.64999389648438,133.72999572753906,133.25665283203125,down
2022-12-19,135.11000061035156,135.1999969482422,131.32000732421875,131.13661193847656,down
2022-12-20,131.38999938964844,133.25,129.88999938964844,131.06727600097656,down
2022-12-21,132.97999572753906,136.80999755859375,132.75,134.18789672851562,up
2022-12-22,134.35000610351562,134.55999755859375,130.3000030517578,130.9979248046875,down
2022-12-23,130.9199981689453,132.4199981689453,129.63999938964844,130.63133239746094,down
2022-12-27,131.3800048828125,131.41000366210938,128.72000122070312,128.81842041015625,down
2022-12-28,129.6699981689453,131.02999877929688,125.87000274658203,124.86558532714844,down
2022-12-29,127.98999786376953,130.47999572753906,127.7300033569336,128.40232849121094,up
2022-12-30,128.41000366210938,129.9499969482422,127.43000030517578,128.71934509277344,up
2023-01-03,130.27999877929688,130.89999389648438,124.16999816894531,123.90462493896484,down
2023-01-04,126.88999938964844,128.66000366210938,125.08000183105469,125.18260955810547,up
2023-01-05,127.12999725341797,127.7699966430664,124.76000213623047,123.85509490966797,down
2023-01-06,126.01000213623047,130.2899932861328,124.88999938964844,128.4122314453125,up
2023-01-09,130.47000122070312,133.41000366210938,129.88999938964844,128.9373016357422,up
2023-01-10,130.25999450683594,131.25999450683594,128.1199951171875,129.5118865966797,up
2023-01-11,131.25,133.50999450683594,130.4600067138672,132.24618530273438,up
2023-01-12,133.8800048828125,134.25999450683594,131.44000244140625,132.1669464111328,down
2023-01-13,132.02999877929688,134.9199981689453,131.66000366210938,133.50433349609375,up
2023-01-17,134.8300018310547,137.2899932861328,134.1300048828125,134.67332458496094,up
2023-01-18,136.82000732421875,138.61000061035156,135.02999877929688,133.9501495361328,down
2023-01-19,134.0800018310547,136.25,133.77000427246094,134.0095977783203,up
2023-01-20,135.27999877929688,138.02000427246094,134.22000122070312,136.58535766601562,up
2023-01-23,138.1199951171875,143.32000732421875,137.89999389648438,139.795166015625,up
2023-01-24,140.30999755859375,143.16000366210938,140.3000030517578,141.20193481445312,up
2023-01-25,140.88999938964844,142.42999267578125,138.80999755859375,140.5382080078125,down
2023-01-26,143.1699981689453,144.25,141.89999389648438,142.61863708496094,up
2023-01-27,143.16000366210938,147.22999572753906,143.0800018310547,144.5702362060547,up
2023-01-30,144.9600067138672,145.5500030517578,142.85000610351562,141.6675567626953,down
2023-01-31,142.6999969482422,144.33999633789062,142.27999877929688,142.94554138183594,up
2023-02-01,143.97000122070312,146.61000061035156,141.32000732421875,144.0749053955078,up
2023-02-02,148.89999389648438,151.17999267578125,148.1699981689453,149.4147186279297,up
2023-02-03,148.02999877929688,157.3800048828125,147.8300018310547,153.06040954589844,up
2023-02-06,152.57000732421875,153.10000610351562,150.77999877929688,150.31622314453125,down
2023-02-07,150.63999938964844,155.22999572753906,150.63999938964844,153.208984375,up
2023-02-08,153.8800048828125,154.5800018310547,151.1699981689453,150.50445556640625,down
2023-02-09,153.77999877929688,154.3300018310547,150.4199981689453,149.46421813964844,down
2023-02-10,149.4600067138672,151.33999633789062,149.22000122070312,149.83135986328125,up
2023-02-13,150.9499969482422,154.25999450683594,150.9199981689453,152.64918518066406,up
2023-02-14,152.1199951171875,153.77000427246094,150.86000061035156,152.00425720214844,down
2023-02-15,153.11000061035156,155.5,152.8800048828125,154.1175994873047,up
2023-02-16,153.50999450683594,156.3300018310547,153.35000610351562,152.51026916503906,down
2023-02-17,152.35000610351562,153.0,150.85000610351562,151.35934448242188,down
2023-02-21,150.1999969482422,151.3000030517578,148.41000366210938,147.3210906982422,down
2023-02-22,148.8699951171875,149.9499969482422,147.16000366210938,147.74774169921875,up
2023-02-23,150.08999633789062,150.33999633789062,147.24000549316406,148.23391723632812,up
2023-02-24,147.11000061035156,147.19000244140625,145.72000122070312,145.56492614746094,down
2023-02-27,147.7100067138672,149.1699981689453,147.4499969482422,146.7654571533203,up
2023-02-28,147.0500030517578,149.0800018310547,146.8300018310547,146.25942993164062,down
2023-03-01,146.8300018310547,147.22999572753906,145.00999450683594,144.17581176757812,down
2023-03-02,144.3800048828125,146.7100067138672,143.89999389648438,144.77114868164062,up
2023-03-03,148.0399932861328,151.11000061035156,147.3300018310547,149.85118103027344,up
2023-03-06,153.7899932861328,156.3000030517578,153.4600067138672,152.62933349609375,up
2023-03-07,153.6999969482422,154.02999877929688,151.1300048828125,150.416748046875,down
2023-03-08,152.80999755859375,153.47000122070312,151.8300018310547,151.6768341064453,up
2023-03-09,153.55999755859375,154.5399932861328,150.22999572753906,149.4146270751953,down
2023-03-10,150.2100067138672,150.94000244140625,147.61000061035156,147.34092712402344,down
2023-03-13,147.80999755859375,153.13999938964844,147.6999969482422,149.29554748535156,up
2023-03-14,151.27999877929688,153.39999389648438,150.10000610351562,151.39901733398438,up
2023-03-15,151.19000244140625,153.25,149.9199981689453,151.7958984375,up
2023-03-16,152.16000366210938,156.4600067138672,151.63999938964844,154.63357543945312,up
2023-03-17,156.0800018310547,156.74000549316406,154.27999877929688,153.7902069091797,down
2023-03-20,155.07000732421875,157.82000732421875,154.14999389648438,156.1714630126953,up
2023-03-21,157.32000732421875,159.39999389648438,156.5399932861328,158.03680419921875,up
2023-03-22,159.3000030517578,162.13999938964844,157.80999755859375,156.59811401367188,down
2023-03-23,158.8300018310547,161.5500030517578,157.67999267578125,157.6895294189453,up
2023-03-24,158.86000061035156,160.33999633789062,157.85000610351562,158.9992218017578,up
2023-03-27,159.94000244140625,160.77000427246094,157.8699951171875,157.0446014404297,down
2023-03-28,157.97000122070312,158.49000549316406,155.97999572753906,156.4195098876953,down
2023-03-29,159.3699951171875,161.0500030517578,159.35000610351562,159.5151824951172,up
2023-03-30,161.52999877929688,162.47000122070312,161.27000427246094,161.09274291992188,up
2023-03-31,162.44000244140625,165.0,161.91000366210938,163.6129150390625,up
2023-04-03,164.27000427246094,166.2899932861328,164.22000122070312,164.87303161621094,up
2023-04-04,166.60000610351562,166.83999633789062,165.11000061035156,164.3372344970703,down
2023-04-05,164.74000549316406,165.0500030517578,161.8000030517578,162.48182678222656,down
2023-04-06,162.42999267578125,164.9600067138672,162.0,163.37481689453125,up
2023-04-10,161.4199981689453,162.02999877929688,160.0800018310547,160.76535034179688,down
2023-04-11,162.35000610351562,162.36000061035156,160.50999450683594,159.54493713378906,down
2023-04-12,161.22000122070312,162.05999755859375,159.77999877929688,158.8504180908203,down
2023-04-13,161.6300048828125,165.8000030517578,161.4199981689453,164.26776123046875,up
2023-04-14,164.58999633789062,166.32000732421875,163.82000732421875,163.92051696777344,down
2023-04-17,165.08999633789062,165.38999938964844,164.02999877929688,163.9403533935547,up
2023-04-18,166.10000610351562,167.41000366210938,165.64999389648438,165.17068481445312,up
2023-04-19,165.8000030517578,168.16000366210938,165.5399932861328,166.32164001464844,up
2023-04-20,166.08999633789062,167.8699951171875,165.55999755859375,165.34925842285156,down
2023-04-21,165.0500030517578,166.4499969482422,164.49000549316406,163.73199462890625,down
2023-04-24,165.0,165.60000610351562,163.88999938964844,164.0395965576172,up
2023-04-25,165.19000244140625,166.30999755859375,163.72999572753906,162.4917449951172,down
2023-04-26,163.05999755859375,165.27999877929688,162.8000030517578,162.48182678222656,down
2023-04-27,165.19000244140625,168.55999755859375,165.19000244140625,167.0955352783203,up
2023-04-28,168.49000549316406,169.85000610351562,167.8800048828125,168.35562133789062,up
2023-05-01,169.27999877929688,170.4499969482422,168.63999938964844,168.2663116455078,down
2023-05-02,170.08999633789062,170.35000610351562,167.5399932861328,167.22450256347656,down
2023-05-03,169.5,170.9199981689453,167.16000366210938,166.14303588867188,down
2023-05-04,164.88999938964844,167.0399932861328,164.30999755859375,164.4959716796875,down
2023-05-05,170.97999572753906,174.3000030517578,170.75999450683594,172.2152862548828,up
2023-05-08,172.47999572753906,173.85000610351562,172.11000061035156,172.1458282470703,down
2023-05-09,173.0500030517578,173.5399932861328,171.60000610351562,170.4293212890625,down
2023-05-10,173.02000427246094,174.02999877929688,171.89999389648438,172.20533752441406,up
2023-05-11,173.85000610351562,174.58999633789062,172.1699981689453,172.39385986328125,up
2023-05-12,173.6199951171875,174.05999755859375,171.0,171.4599151611328,down
2023-05-15,173.16000366210938,173.2100067138672,171.47000122070312,170.963134765625,down
2023-05-16,171.99000549316406,173.13999938964844,171.8000030517578,170.963134765625,down
2023-05-17,171.7100067138672,172.92999267578125,170.4199981689453,171.57913208007812,up
2023-05-18,173.0,175.24000549316406,172.5800018310547,173.92396545410156,up
2023-05-19,176.38999938964844,176.38999938964844,174.94000244140625,174.0332489013672,up
2023-05-22,173.97999572753906,174.7100067138672,173.4499969482422,173.0794219970703,down
2023-05-23,173.1300048828125,173.3800048828125,171.27999877929688,170.45640563964844,down
2023-05-24,171.08999633789062,172.4199981689453,170.52000427246094,170.73458862304688,up
2023-05-25,172.41000366210938,173.89999389648438,171.69000244140625,171.877197265625,up
2023-05-26,173.32000732421875,175.77000427246094,173.11000061035156,174.30148315429688,up
2023-05-30,176.9600067138672,178.99000549316406,176.57000732421875,176.1594696044922,up
2023-05-31,177.3300018310547,179.35000610351562,176.75999450683594,176.10980224609375,down
2023-06-01,177.6999969482422,180.1199951171875,176.92999267578125,178.9315185546875,up
2023-06-02,181.02999877929688,181.77999877929688,179.25999450683594,179.78598022460938,up
2023-06-05,182.6300048828125,184.9499969482422,178.0399932861328,178.4248046875,down
2023-06-06,179.97000122070312,180.1199951171875,177.42999267578125,178.05718994140625,down
2023-06-07,178.44000244140625,181.2100067138672,177.32000732421875,176.67613220214844,down
2023-06-08,177.89999389648438,180.83999633789062,177.4600067138672,179.40843200683594,up
2023-06-09,181.5,182.22999572753906,180.6300048828125,179.7959442138672,up
2023-06-12,181.27000427246094,183.88999938964844,180.97000122070312,182.6077117919922,up
2023-06-13,182.8000030517578,184.14999389648438,182.44000244140625,182.1308135986328,down
2023-06-14,183.3699951171875,184.38999938964844,182.02000427246094,182.76669311523438,up
2023-06-15,183.9600067138672,186.52000427246094,183.77999877929688,184.81344604492188,up
2023-06-16,186.72999572753906,186.99000549316406,184.27000427246094,183.73045349121094,down
2023-06-20,184.41000366210938,186.10000610351562,184.41000366210938,183.8198699951172,up
2023-06-21,184.89999389648438,185.41000366210938,182.58999633789062,182.77664184570312,down
2023-06-22,183.74000549316406,187.0500030517578,183.6699981689453,185.79708862304688,up
2023-06-23,185.5500030517578,187.55999755859375,185.00999450683594,185.4791259765625,down
2023-06-26,186.8300018310547,188.0500030517578,185.22999572753906,184.07821655273438,down
2023-06-27,185.88999938964844,188.38999938964844,185.6699981689453,186.85025024414062,up
2023-06-28,187.92999267578125,189.89999389648438,187.60000610351562,188.03260803222656,up
2023-06-29,189.0800018310547,190.07000732421875,188.94000244140625,188.3704071044922,up
2023-06-30,191.6300048828125,194.47999572753906,191.25999450683594,192.72225952148438,up
2023-07-03,193.77999877929688,193.8800048828125,191.75999450683594,191.2219696044922,down
2023-07-05,191.57000732421875,192.97999572753906,190.6199951171875,190.09922790527344,down
2023-07-06,189.83999633789062,192.02000427246094,189.1999969482422,190.57614135742188,up
2023-07-07,191.41000366210938,192.6699981689453,190.24000549316406,189.45339965820312,down
2023-07-10,189.25999450683594,189.99000549316406,187.0399932861328,187.39671325683594,down
2023-07-11,189.16000366210938,189.3000030517578,186.60000610351562,186.87013244628906,down
2023-07-12,189.67999267578125,191.6999969482422,188.47000122070312,188.5492706298828,up
2023-07-13,190.5,191.19000244140625,189.77999877929688,189.31430053710938,up
2023-07-14,190.22999572753906,191.17999267578125,189.6300048828125,189.4633331298828,up
2023-07-17,191.89999389648438,194.32000732421875,191.80999755859375,192.7421112060547,up
2023-07-18,193.35000610351562,194.3300018310547,192.4199981689453,192.48377990722656,down
2023-07-19,193.10000610351562,198.22999572753906,192.64999389648438,193.84498596191406,up
2023-07-20,195.08999633789062,196.47000122070312,192.5,191.8876495361328,down
2023-07-21,194.10000610351562,194.97000122070312,191.22999572753906,190.70530700683594,down
2023-07-24,193.41000366210938,194.91000366210938,192.25,191.5100860595703,up
2023-07-25,193.3300018310547,194.44000244140625,192.9199981689453,192.37449645996094,up
2023-07-26,193.6699981689453,195.63999938964844,193.32000732421875,193.24884033203125,up
2023-07-27,196.02000427246094,197.1999969482422,192.5500030517578,191.97705078125,down
2023-07-28,194.6699981689453,196.6300048828125,194.13999938964844,194.57028198242188,up
2023-07-31,196.05999755859375,196.49000549316406,195.25999450683594,195.18629455566406,up
2023-08-01,196.24000549316406,196.72999572753906,195.27999877929688,194.3516845703125,down
2023-08-02,195.0399932861328,195.17999267578125,191.85000610351562,191.3411865234375,down
2023-08-03,191.57000732421875,192.3699951171875,190.69000244140625,189.94024658203125,down
2023-08-04,185.52000427246094,187.3800048828125,181.9199981689453,180.81932067871094,down
2023-08-07,182.1300048828125,183.1300048828125,177.35000610351562,177.69949340820312,down
2023-08-08,179.69000244140625,180.27000427246094,177.5800018310547,178.64337158203125,up
2023-08-09,180.8699951171875,180.92999267578125,177.00999450683594,177.0437469482422,down
2023-08-10,179.47999572753906,180.75,177.60000610351562,176.82516479492188,down
2023-08-11,177.32000732421875,178.6199951171875,176.5500030517578,176.88487243652344,up
2023-08-14,177.97000122070312,179.69000244140625,177.30999755859375,178.54637145996094,up
2023-08-15,178.8800048828125,179.47999572753906,177.0500030517578,176.5465850830078,down
2023-08-16,177.1300048828125,178.5399932861328,176.5,175.67108154296875,down
2023-08-17,177.13999938964844,177.50999450683594,173.47999572753906,173.11416625976562,down
2023-08-18,172.3000030517578,175.10000610351562,171.9600067138672,173.60166931152344,up
2023-08-21,175.07000732421875,176.1300048828125,173.74000549316406,174.9447784423828,up
2023-08-22,177.05999755859375,177.67999267578125,176.25,176.32769775390625,up
2023-08-23,178.52000427246094,181.5500030517578,178.3300018310547,180.19790649414062,up
2023-08-24,180.6699981689453,181.10000610351562,176.00999450683594,175.48202514648438,down
2023-08-25,177.3800048828125,179.14999389648438,175.82000732421875,177.70068359375,up
2023-08-28,180.08999633789062,180.58999633789062,178.5500030517578,179.2726287841797,up
2023-08-29,179.6999969482422,184.89999389648438,179.5,183.18263244628906,up
2023-08-30,184.94000244140625,187.85000610351562,184.74000549316406,186.69467163085938,up
2023-08-31,187.83999633789062,189.1199951171875,187.47999572753906,186.91354370117188,up
2023-09-01,189.49000549316406,189.9199981689453,188.27999877929688,188.49546813964844,up
2023-09-05,188.27999877929688,189.97999572753906,187.61000061035156,188.73422241210938,up
2023-09-06,188.39999389648438,188.85000610351562,181.47000122070312,181.9788055419922,down
2023-09-07,175.17999267578125,178.2100067138672,173.5399932861328,176.65603637695312,down
2023-09-08,178.35000610351562,180.24000549316406,177.7899932861328,177.27285766601562,up
2023-09-11,180.07000732421875,180.3000030517578,177.33999633789062,178.44686889648438,up
2023-09-12,179.49000549316406,180.1300048828125,174.82000732421875,175.40243530273438,down
2023-09-13,176.50999450683594,177.3000030517578,173.97999572753906,173.3230743408203,down
2023-09-14,174.0,176.10000610351562,173.5800018310547,174.84532165527344,up
2023-09-15,176.47999572753906,176.5,173.82000732421875,174.11900329589844,down
2023-09-18,176.47999572753906,179.3800048828125,176.1699981689453,177.06394958496094,up
2023-09-19,177.52000427246094,179.6300048828125,177.1300048828125,178.15835571289062,up
2023-09-20,179.25999450683594,179.6999969482422,175.39999389648438,174.59657287597656,down
2023-09-21,174.5500030517578,176.3000030517578,173.86000061035156,173.04452514648438,down
2023-09-22,174.6699981689453,177.0800018310547,174.0500030517578,173.90013122558594,up
2023-09-25,174.1999969482422,176.97000122070312,174.14999389648438,175.18356323242188,up
2023-09-26,174.82000732421875,175.1999969482422,171.66000366210938,171.08453369140625,down
2023-09-27,172.6199951171875,173.0399932861328,169.0500030517578,169.56231689453125,down
2023-09-28,169.33999633789062,172.02999877929688,167.6199951171875,169.82101440429688,up
2023-09-29,172.02000427246094,173.07000732421875,170.33999633789062,170.33836364746094,up
2023-10-02,171.22000122070312,174.3000030517578,170.92999267578125,172.8654327392578,up
2023-10-03,172.25999450683594,173.6300048828125,170.82000732421875,171.5222930908203,down
2023-10-04,171.08999633789062,174.2100067138672,170.97000122070312,172.77589416503906,up
2023-10-05,173.7899932861328,175.4499969482422,172.67999267578125,174.01951599121094,up
2023-10-06,173.8000030517578,177.99000549316406,173.17999267578125,176.58639526367188,up
2023-10-09,176.80999755859375,179.0500030517578,175.8000030517578,178.07876586914062,up
2023-10-10,178.10000610351562,179.72000122070312,177.9499969482422,177.4818115234375,down
2023-10-11,178.1999969482422,179.85000610351562,177.60000610351562,178.88462829589844,up
2023-10-12,180.07000732421875,182.33999633789062,179.0399932861328,179.7899932861328,up
2023-10-13,181.4199981689453,181.92999267578125,178.13999938964844,177.93946838378906,down
2023-10-16,176.75,179.0800018310547,176.50999450683594,177.8101348876953,down
2023-10-17,176.64999389648438,178.4199981689453,174.8000030517578,176.24810791015625,down
2023-10-18,175.5800018310547,177.5800018310547,175.11000061035156,174.9447784423828,down
2023-10-19,176.0399932861328,177.83999633789062,175.19000244140625,174.56674194335938,down
2023-10-20,175.30999755859375,175.4199981689453,172.63999938964844,171.99986267089844,down
2023-10-23,170.91000366210938,174.00999450683594,169.92999267578125,172.11924743652344,up
2023-10-24,173.0500030517578,173.6699981689453,171.4499969482422,172.5570068359375,up
2023-10-25,171.8800048828125,173.05999755859375,170.64999389648438,170.2289276123047,down
2023-10-26,170.3699951171875,171.3800048828125,165.6699981689453,166.04037475585938,down
2023-10-27,166.91000366210938,168.9600067138672,166.8300018310547,167.36358642578125,up
2023-10-30,169.02000427246094,171.1699981689453,168.8699951171875,169.42303466796875,up
2023-10-31,169.35000610351562,170.89999389648438,167.89999389648438,169.90060424804688,up
2023-11-01,171.0,174.22999572753906,170.1199951171875,173.0843048095703,up
2023-11-02,175.52000427246094,177.77999877929688,175.4600067138672,176.66598510742188,up
2023-11-03,174.24000549316406,176.82000732421875,173.35000610351562,175.75067138671875,down
2023-11-06,176.3800048828125,179.42999267578125,176.2100067138672,178.31752014160156,up
2023-11-07,179.17999267578125,182.44000244140625,178.97000122070312,180.8943328857422,up
2023-11-08,182.35000610351562,183.4499969482422,181.58999633789062,181.95889282226562,up
2023-11-09,182.9600067138672,184.1199951171875,181.80999755859375,181.48133850097656,down
2023-11-10,183.97000122070312,186.57000732421875,183.52999877929688,185.6953582763672,up
2023-11-13,185.82000732421875,186.02999877929688,184.2100067138672,184.10140991210938,down
2023-11-14,187.6999969482422,188.11000061035156,186.3000030517578,186.73141479492188,up
2023-11-15,187.85000610351562,189.5,187.77999877929688,187.29925537109375,up
2023-11-16,189.57000732421875,190.9600067138672,188.64999389648438,188.9928436279297,up
2023-11-17,190.25,190.3800048828125,188.57000732421875,188.97291564941406,down
2023-11-20,189.88999938964844,191.91000366210938,189.8800048828125,190.7262420654297,up
2023-11-21,191.41000366210938,191.52000427246094,189.74000549316406,189.91932678222656,down
2023-11-22,191.49000549316406,192.92999267578125,190.8300018310547,190.5867919921875,up
2023-11-24,190.8699951171875,190.89999389648438,189.25,189.25184631347656,down
2023-11-27,189.9199981689453,190.6699981689453,188.89999389648438,189.07252502441406,down
2023-11-28,189.77999877929688,191.0800018310547,189.39999389648438,189.6802215576172,up
2023-11-29,190.89999389648438,192.08999633789062,188.97000122070312,188.6541290283203,down
2023-11-30,189.83999633789062,190.32000732421875,188.19000244140625,189.23191833496094,up
2023-12-01,190.3300018310547,191.55999755859375,189.22999572753906,190.51705932617188,up
2023-12-04,189.97999572753906,190.0500030517578,187.4499969482422,188.71388244628906,down
2023-12-05,190.2100067138672,194.39999389648438,190.17999267578125,192.68881225585938,up
2023-12-06,194.4499969482422,194.75999450683594,192.11000061035156,191.59298706054688,down
2023-12-07,193.6300048828125,195.0,193.58999633789062,193.53561401367188,up
2023-12-08,194.1999969482422,195.99000549316406,193.6699981689453,194.97015380859375,up
2023-12-11,193.11000061035156,193.49000549316406,191.4199981689453,192.44970703125,down
2023-12-12,193.0800018310547,194.72000122070312,191.72000122070312,193.9739532470703,up
2023-12-13,195.08999633789062,198.0,194.85000610351562,197.21165466308594,up
2023-12-14,198.02000427246094,199.6199951171875,196.16000366210938,197.361083984375,up
2023-12-15,197.52999877929688,198.39999389648438,197.0,196.8231201171875,down
2023-12-18,196.08999633789062,196.6300048828125,194.38999938964844,195.1494598388672,down
2023-12-19,196.16000366210938,196.9499969482422,195.88999938964844,196.1955108642578,up
2023-12-20,196.89999389648438,197.67999267578125,194.8300018310547,194.09349060058594,down
2023-12-21,196.10000610351562,197.0800018310547,193.5,193.94403076171875,down
2023-12-22,195.17999267578125,195.41000366210938,192.97000122070312,192.86814880371094,down
2023-12-26,193.61000061035156,193.88999938964844,192.8300018310547,192.32022094726562,down
2023-12-27,192.49000549316406,193.5,191.08999633789062,192.41983032226562,up
2023-12-28,194.13999938964844,194.66000366210938,193.1699981689453,192.84820556640625,up
2023-12-29,193.89999389648438,194.39999389648438,191.72999572753906,191.80218505859375,down
2024-01-02,187.14999389648438,188.44000244140625,183.88999938964844,184.93821716308594,down
2024-01-03,184.22000122070312,185.8800048828125,183.42999267578125,183.55348205566406,down
2024-01-04,182.14999389648438,183.08999633789062,180.8800048828125,181.22232055664062,down
2024-01-05,181.99000549316406,182.75999450683594,180.1699981689453,180.49508666992188,down
2024-01-08,182.08999633789062,185.60000610351562,181.5,184.8585205078125,up
2024-01-09,183.9199981689453,185.14999389648438,182.72999572753906,184.4401092529297,down
2024-01-10,184.35000610351562,186.39999389648438,183.9199981689453,185.4861297607422,up
2024-01-11,186.5399932861328,187.0500030517578,183.6199951171875,184.88841247558594,down
2024-01-12,186.05999755859375,186.74000549316406,185.19000244140625,185.2171630859375,up
2024-01-16,182.16000366210938,184.25999450683594,180.92999267578125,182.93582153320312,down
2024-01-17,181.27000427246094,182.92999267578125,180.3000030517578,181.98941040039062,down
2024-01-18,186.08999633789062,189.13999938964844,185.8300018310547,187.91693115234375,up
2024-01-19,189.3300018310547,191.9499969482422,188.82000732421875,190.83584594726562,up
2024-01-22,192.3000030517578,195.3300018310547,192.25999450683594,193.1570281982422,up
2024-01-23,195.02000427246094,195.75,193.8300018310547,194.44215393066406,up
2024-01-24,195.4199981689453,196.3800048828125,194.33999633789062,193.7647247314453,down
2024-01-25,195.22000122070312,196.27000427246094,193.11000061035156,193.43597412109375,down
2024-01-26,194.27000427246094,194.75999450683594,191.94000244140625,191.6925811767578,down
2024-01-29,192.00999450683594,192.1999969482422,189.5800018310547,191.0052032470703,down
2024-01-30,190.94000244140625,191.8000030517578,187.47000122070312,187.32913208007812,down
2024-01-31,187.0399932861328,187.10000610351562,184.35000610351562,183.70291137695312,down
2024-02-01,183.99000549316406,186.9499969482422,183.82000732421875,186.15362548828125,up
2024-02-02,179.86000061035156,187.3300018310547,179.25,185.14743041992188,down
2024-02-05,188.14999389648438,189.25,185.83999633789062,186.9705047607422,up
2024-02-06,186.86000061035156,189.30999755859375,186.77000427246094,188.5843963623047,up
2024-02-07,190.63999938964844,191.0500030517578,188.61000061035156,188.69398498535156,up
2024-02-08,189.38999938964844,189.5399932861328,187.35000610351562,187.6081085205078,down
2024-02-09,188.64999389648438,189.99000549316406,188.0,188.37615966796875,up
2024-02-12,188.4199981689453,188.6699981689453,186.7899932861328,186.680419921875,down
2024-02-13,185.77000427246094,186.2100067138672,183.50999450683594,184.57571411132812,down
2024-02-14,185.32000732421875,185.52999877929688,182.44000244140625,183.6879425048828,down
2024-02-15,183.5500030517578,184.49000549316406,181.35000610351562,183.398681640625,down
2024-02-16,183.4199981689453,184.85000610351562,181.6699981689453,181.85255432128906,down
2024-02-20,181.7899932861328,182.42999267578125,180.0,181.1044464111328,down
2024-02-21,181.94000244140625,182.88999938964844,180.66000366210938,181.862548828125,up
2024-02-22,183.47999572753906,184.9600067138672,182.4600067138672,183.90737915039062,up
2024-02-23,185.00999450683594,185.0399932861328,182.22999572753906,182.0620574951172,down
2024-02-26,182.24000549316406,182.75999450683594,180.64999389648438,180.70545959472656,down
2024-02-27,181.10000610351562,183.9199981689453,179.55999755859375,182.17176818847656,up
2024-02-28,182.50999450683594,183.1199951171875,180.1300048828125,180.9647979736328,down
2024-02-29,181.27000427246094,182.57000732421875,179.52999877929688,180.29647827148438,down
2024-03-01,179.5500030517578,180.52999877929688,177.3800048828125,179.20921325683594,down
2024-03-04,176.14999389648438,176.89999389648438,173.7899932861328,174.66065979003906,down
2024-03-05,170.75999450683594,172.0399932861328,169.6199951171875,169.69314575195312,down
2024-03-06,171.05999755859375,171.24000549316406,168.67999267578125,168.69566345214844,down
2024-03-07,169.14999389648438,170.72999572753906,168.49000549316406,168.57595825195312,down
2024-03-08,169.0,173.6999969482422,168.94000244140625,170.30162048339844,up
2024-03-11,172.94000244140625,174.3800048828125,172.0500030517578,172.31655883789062,up
2024-03-12,173.14999389648438,174.02999877929688,171.00999450683594,172.7953338623047,up
2024-03-13,172.77000427246094,173.19000244140625,170.75999450683594,170.70062255859375,down
2024-03-14,172.91000366210938,174.30999755859375,172.0500030517578,172.56593322753906,up
2024-03-15,171.1699981689453,172.6199951171875,170.2899932861328,172.18687438964844,down
2024-03-18,175.57000732421875,177.7100067138672,173.52000427246094,173.28411865234375,up
2024-03-19,174.33999633789062,176.61000061035156,173.02999877929688,175.63821411132812,up
2024-03-20,175.72000122070312,178.6699981689453,175.08999633789062,178.22169494628906,up
2024-03-21,177.0500030517578,177.49000549316406,170.83999633789062,170.94000244140625,down
2024-03-22,171.75999450683594,173.0500030517578,170.05999755859375,171.84771728515625,up
2024-03-25,170.57000732421875,171.94000244140625,169.4499969482422,170.42132568359375,down
2024-03-26,170.0,171.4199981689453,169.5800018310547,169.2841796875,down
2024-03-27,170.41000366210938,173.60000610351562,170.11000061035156,172.87513732910156,up
2024-03-28,171.75,172.22999572753906,170.50999450683594,171.0497283935547,down
2024-04-01,171.19000244140625,171.25,169.47999572753906,169.60337829589844,down
2024-04-02,169.0800018310547,169.33999633789062,168.22999572753906,168.41635131835938,down
2024-04-03,168.7899932861328,170.67999267578125,168.5800018310547,169.22433471679688,up
2024-04-04,170.2899932861328,171.9199981689453,168.82000732421875,168.39642333984375,down
2024-04-05,169.58999633789062,170.38999938964844,168.9499969482422,169.15451049804688,up
2024-04-08,169.02999877929688,169.1999969482422,168.24000549316406,168.02734375,down
2024-04-09,168.6999969482422,170.0800018310547,168.35000610351562,169.24427795410156,up
2024-04-10,168.8000030517578,169.08999633789062,167.11000061035156,167.3590087890625,down
2024-04-11,168.33999633789062,175.4600067138672,168.16000366210938,174.60079956054688,up
2024-04-12,174.25999450683594,178.36000061035156,174.2100067138672,176.10702514648438,up
2024-04-15,175.36000061035156,176.6300048828125,172.5,172.25669860839844,down
2024-04-16,171.75,173.75999450683594,168.27000427246094,168.95501708984375,down
2024-04-17,169.61000061035156,170.64999389648438,168.0,167.57847595214844,down
2024-04-18,168.02999877929688,168.63999938964844,166.5500030517578,166.62086486816406,down
2024-04-19,166.2100067138672,166.39999389648438,164.0800018310547,164.58599853515625,down
2024-04-22,165.52000427246094,167.25999450683594,164.77000427246094,165.4238739013672,up
2024-04-23,165.35000610351562,167.0500030517578,164.9199981689453,166.48121643066406,up
2024-04-24,166.5399932861328,169.3000030517578,166.2100067138672,168.59591674804688,up
2024-04-25,169.52999877929688,170.61000061035156,168.14999389648438,169.46372985839844,up
2024-04-26,169.8800048828125,171.33999633789062,169.17999267578125,168.87521362304688,down
2024-04-29,173.3699951171875,176.02999877929688,173.10000610351562,173.06466674804688,up
2024-04-30,173.3300018310547,174.99000549316406,170.0,169.90261840820312,down
2024-05-01,169.5800018310547,172.7100067138672,169.11000061035156,168.87521362304688,down
2024-05-02,172.50999450683594,173.4199981689453,170.88999938964844,172.59585571289062,up
2024-05-03,186.64999389648438,187.0,182.66000366210938,182.9198760986328,up
2024-05-06,182.35000610351562,184.1999969482422,180.4199981689453,181.2540740966797,down
2024-05-07,183.4499969482422,184.89999389648438,181.32000732421875,181.9423370361328,up
2024-05-08,182.85000610351562,183.07000732421875,181.4499969482422,182.281494140625,up
2024-05-09,182.55999755859375,184.66000366210938,182.11000061035156,184.10690307617188,up
2024-05-10,184.89999389648438,185.08999633789062,182.1300048828125,182.83836364746094,down
2024-05-13,185.44000244140625,187.10000610351562,184.6199951171875,186.06463623046875,up
2024-05-14,187.50999450683594,188.3000030517578,186.2899932861328,187.2133026123047,up
2024-05-15,187.91000366210938,190.64999389648438,187.3699951171875,189.5006561279297,up
2024-05-16,190.47000122070312,191.10000610351562,189.66000366210938,189.62051391601562,up
2024-05-17,189.50999450683594,190.80999755859375,189.17999267578125,189.65048217773438,up
2024-05-20,189.3300018310547,191.9199981689453,189.00999450683594,190.81912231445312,up
2024-05-21,191.08999633789062,192.72999572753906,190.9199981689453,192.12762451171875,up
2024-05-22,192.27000427246094,192.82000732421875,190.27000427246094,190.67929077148438,down
2024-05-23,190.97999572753906,191.0,186.6300048828125,186.6639404296875,down
2024-05-24,188.82000732421875,190.5800018310547,188.0399932861328,189.76034545898438,up
2024-05-28,191.50999450683594,193.0,189.10000610351562,189.77035522460938,up
2024-05-29,189.61000061035156,192.25,189.50999450683594,190.0699920654297,up
2024-05-30,190.75999450683594,192.17999267578125,190.6300048828125,191.06883239746094,up
2024-05-31,191.44000244140625,192.57000732421875,189.91000366210938,192.02772521972656,up
2024-06-03,192.89999389648438,194.99000549316406,192.52000427246094,193.8056640625,up
2024-06-04,194.63999938964844,195.32000732421875,193.02999877929688,194.12530517578125,up
2024-06-05,195.39999389648438,196.89999389648438,194.8699951171875,195.64353942871094,up
2024-06-06,195.69000244140625,196.5,194.1699981689453,194.25514221191406,down
2024-06-07,194.64999389648438,196.94000244140625,194.13999938964844,196.66236877441406,up
2024-06-10,196.89999389648438,197.3000030517578,192.14999389648438,192.89671325683594,down
2024-06-11,193.64999389648438,207.16000366210938,193.6300048828125,206.91049194335938,up
2024-06-12,207.3699951171875,220.1999969482422,206.89999389648438,212.82366943359375,up
2024-06-13,214.74000549316406,216.75,211.60000610351562,213.9923095703125,up
2024-06-14,213.85000610351562,215.1699981689453,211.3000030517578,212.2443389892578,down
2024-06-17,213.3699951171875,218.9499969482422,212.72000122070312,216.41949462890625,up
2024-06-18,217.58999633789062,218.6300048828125,213.0,214.042236328125,down
2024-06-20,213.92999267578125,214.24000549316406,208.85000610351562,209.4375762939453,down
2024-06-21,210.38999938964844,211.88999938964844,207.11000061035156,207.2501220703125,down
2024-06-24,207.72000122070312,212.6999969482422,206.58999633789062,207.89935302734375,up
2024-06-25,209.14999389648438,211.3800048828125,208.61000061035156,208.8282928466797,up
2024-06-26,211.5,214.86000061035156,210.63999938964844,213.00344848632812,up
2024-06-27,214.69000244140625,215.74000549316406,212.35000610351562,213.85247802734375,up
2024-06-28,215.77000427246094,216.07000732421875,210.3000030517578,210.37648010253906,down
2024-07-01,212.08999633789062,217.50999450683594,211.9199981689453,216.49940490722656,up
2024-07-02,216.14999389648438,220.3800048828125,215.10000610351562,220.0153350830078,up
2024-07-03,220.0,221.5500030517578,219.02999877929688,221.29385375976562,up
2024-07-05,221.64999389648438,226.4499969482422,221.64999389648438,226.07830810546875,up
2024-07-08,227.08999633789062,227.85000610351562,223.25,227.55661010742188,up
2024-07-09,227.92999267578125,229.39999389648438,226.3699951171875,228.4156036376953,up
2024-07-10,229.3000030517578,233.0800018310547,229.25,232.71063232421875,up
2024-07-11,231.38999938964844,232.38999938964844,225.77000427246094,227.30690002441406,down
2024-07-12,228.9199981689453,232.63999938964844,228.67999267578125,230.27345275878906,up
2024-07-15,236.47999572753906,237.22999572753906,233.08999633789062,234.12899780273438,up
2024-07-16,235.0,236.27000427246094,232.3300018310547,234.54852294921875,up
2024-07-17,229.4499969482422,231.4600067138672,226.63999938964844,228.61538696289062,down
2024-07-18,230.27999877929688,230.44000244140625,222.27000427246094,223.92080688476562,down
2024-07-19,224.82000732421875,226.8000030517578,223.27999877929688,224.0506591796875,up
2024-07-22,227.00999450683594,227.77999877929688,223.08999633789062,223.70108032226562,down
2024-07-23,224.3699951171875,226.94000244140625,222.67999267578125,224.74984741210938,up
2024-07-24,224.0,224.8000030517578,217.1300048828125,218.28732299804688,down
2024-07-25,218.92999267578125,220.85000610351562,214.6199951171875,217.23855590820312,down
2024-07-26,218.6999969482422,219.49000549316406,216.00999450683594,217.7080078125,up
2024-07-29,216.9600067138672,219.3000030517578,215.75,217.98768615722656,up
2024-07-30,219.19000244140625,220.3300018310547,216.1199951171875,218.5470428466797,up
2024-07-31,221.44000244140625,223.82000732421875,220.6300048828125,221.8232421875,up
2024-08-01,224.3699951171875,224.47999572753906,217.02000427246094,218.1075439453125,down
2024-08-02,219.14999389648438,225.60000610351562,217.7100067138672,219.60580444335938,up
2024-08-05,199.08999633789062,213.5,196.0,209.02806091308594,down
2024-08-06,205.3000030517578,209.99000549316406,201.07000732421875,206.9904022216797,down
2024-08-07,206.89999389648438,213.63999938964844,206.38999938964844,209.57742309570312,up
2024-08-08,213.11000061035156,214.1999969482422,208.8300018310547,213.06338500976562,up
2024-08-09,212.10000610351562,216.77999877929688,211.97000122070312,215.99000549316406,up
2024-08-12,216.07000732421875,219.50999450683594,215.60000610351562,217.52999877929688,up
2024-08-13,219.00999450683594,221.88999938964844,219.00999450683594,221.27000427246094,up
2024-08-14,220.57000732421875,223.02999877929688,219.6999969482422,221.72000122070312,up
2024-08-15,224.60000610351562,225.35000610351562,222.75999450683594,224.72000122070312,up
2024-08-16,223.9199981689453,226.8300018310547,223.64999389648438,226.0500030517578,up
2024-08-19,225.72000122070312,225.99000549316406,223.0399932861328,225.88999938964844,down
2024-08-20,225.77000427246094,227.1699981689453,225.4499969482422,226.50999450683594,up
2024-08-21,226.52000427246094,227.97999572753906,225.0500030517578,226.39999389648438,down
2024-08-22,227.7899932861328,228.33999633789062,223.89999389648438,224.52999877929688,down
2024-08-23,225.66000366210938,228.22000122070312,224.3300018310547,226.83999633789062,up
2024-08-26,226.75999450683594,227.27999877929688,223.88999938964844,227.17999267578125,up
2024-08-27,226.0,228.85000610351562,224.88999938964844,228.02999877929688,up
2024-08-28,227.9199981689453,229.86000061035156,225.67999267578125,226.49000549316406,down
2024-08-29,230.10000610351562,232.9199981689453,228.8800048828125,229.7899932861328,up
2024-08-30,230.19000244140625,230.39999389648438,227.47999572753906,229.0,down
2024-09-03,228.5500030517578,229.0,221.1699981689453,222.77000427246094,down
2024-09-04,221.66000366210938,221.77999877929688,217.47999572753906,220.85000610351562,down
2024-09-05,221.6300048828125,225.47999572753906,221.52000427246094,222.3800048828125,up
2024-09-06,223.9499969482422,225.24000549316406,219.77000427246094,220.82000732421875,down
2024-09-09,220.82000732421875,221.27000427246094,216.7100067138672,220.91000366210938,up
2024-09-10,218.9199981689453,221.47999572753906,216.72999572753906,220.11000061035156,down
2024-09-11,221.4600067138672,223.08999633789062,217.88999938964844,222.66000366210938,up
2024-09-12,222.5,223.5500030517578,219.82000732421875,222.77000427246094,up
2024-09-13,223.5800018310547,224.0399932861328,221.91000366210938,222.5,down
2024-09-16,216.5399932861328,217.22000122070312,213.9199981689453,216.32000732421875,down
2024-09-17,215.75,216.89999389648438,214.5,216.7899932861328,up
2024-09-18,217.5500030517578,222.7100067138672,217.5399932861328,220.69000244140625,up
2024-09-19,224.99000549316406,229.82000732421875,224.6300048828125,228.8699951171875,up
2024-09-20,229.97000122070312,233.08999633789062,227.6199951171875,228.1999969482422,down
2024-09-23,227.33999633789062,229.4499969482422,225.80999755859375,226.47000122070312,down
2024-09-24,228.64999389648438,229.35000610351562,225.72999572753906,227.3699951171875,up
2024-09-25,224.92999267578125,227.2899932861328,224.02000427246094,226.3699951171875,down
2024-09-26,227.3000030517578,228.5,225.41000366210938,227.52000427246094,up
2024-09-27,228.4600067138672,229.52000427246094,227.3000030517578,227.7899932861328,up
2024-09-30,230.0399932861328,233.0,229.64999389648438,233.0,up
2024-10-01,229.52000427246094,229.64999389648438,223.74000549316406,226.2100067138672,down
2024-10-02,225.88999938964844,227.3699951171875,223.02000427246094,226.77999877929688,up
2024-10-03,225.13999938964844,226.80999755859375,223.32000732421875,225.6699981689453,down
2024-10-04,227.89999389648438,228.0,224.1300048828125,226.8000030517578,up
2024-10-07,224.5,225.69000244140625,221.3300018310547,221.69000244140625,down
2024-10-08,224.3000030517578,225.97999572753906,223.25,225.77000427246094,up
2024-10-09,225.22999572753906,229.75,224.8300018310547,229.5399932861328,up
2024-10-10,227.77999877929688,229.5,227.1699981689453,229.0399932861328,down
2024-10-11,229.3000030517578,229.41000366210938,227.33999633789062,227.5500030517578,down
2024-10-14,228.6999969482422,231.72999572753906,228.60000610351562,231.3000030517578,up
2024-10-15,233.61000061035156,237.49000549316406,232.3699951171875,233.85000610351562,up
2024-10-16,231.60000610351562,232.1199951171875,229.83999633789062,231.77999877929688,down
2024-10-17,233.42999267578125,233.85000610351562,230.52000427246094,232.14999389648438,up
2024-10-18,236.17999267578125,236.17999267578125,234.00999450683594,235.0,up
