id,open_date,mode,strategy,signal_spot,xsp_spot,xsp_strike,dte_target,entry_iv,entry_premium,n_contracts,confidence,status,close_date,exit_premium,pnl_usd,exit_reason,regime,vol_premium,hhi,decision_note,legs_json,voldex,calldex,putdex,taildex,skew_trend,peak_ratio
1,2026-06-29,long_vol,long_put,7440.43,744.043,705,45,33.87,2.13,1,0.463,CLOSED,2026-07-02,1.05,-117.3,Stop loss — premio a 49% dell'entry,SHORT,3.440272096044083,0.0017178675687248,"✅ TRADE: Long Put (tail, OTM). Punteggio di convinzione 0.46, sopra la soglia minima di 0.4. Le condizioni favorevoli si sono allineate.

✓ Condizioni che hanno guidato la decisione: IV economica; Regime SHORT gamma; Niente pinning forte.

Gambe dell'operazione (su XSP):
BUY 1x PUT 705 @ 2.13 (~$213)

Strategia scelta perché singola put OTM — la struttura più economica e a rischio definito; esposizione asimmetrica al ribasso, premio contenuto. Scadenza 45 giorni, premio totale 2.13 punti (~$213, 4% del capitale). Perdita massima limitata al premio pagato.","[{""side"": ""BUY"", ""type"": ""PUT"", ""strike"": 705, ""qty"": 1, ""premium_pts"": 2.13, ""premium_usd"": 213.0}]",14.24,11.75,18.83,20.81,-0.64,1.0
2,2026-07-07,long_vol,long_put,7503.85,750.385,725,45,48.83,3.55,1,0.638,CLOSED,2026-07-10,1.76,-191.93,Stop loss — premio a 50% dell'entry,SHORT,1.5386589386484246,0.0018223654847152,"✅ TRADE: Long Put (tail, OTM). Punteggio di convinzione 0.64, sopra la soglia minima di 0.4. Le condizioni favorevoli si sono allineate.

✓ Condizioni che hanno guidato la decisione: IV economica; Vol Premium basso; Regime SHORT gamma; Niente pinning forte.

Gambe dell'operazione (su XSP):
BUY 1x PUT 725 @ 3.55 (~$355)

Strategia scelta perché singola put OTM — la struttura più economica e a rischio definito; esposizione asimmetrica al ribasso, premio contenuto. Scadenza 45 giorni, premio totale 3.55 punti (~$355, 7% del capitale). Perdita massima limitata al premio pagato.","[{""side"": ""BUY"", ""type"": ""PUT"", ""strike"": 725, ""qty"": 1, ""premium_pts"": 3.55, ""premium_usd"": 355.0}]",12.9,10.75,17.42,19.46,-0.26,1.255
3,2026-07-13,long_vol,long_put,7515.34,751.534,715,45,30.880000000000003,2.34,1,0.57,CLOSED,2026-07-15,0.99,-144.54,Stop loss — premio a 42% dell'entry,SHORT,2.0186725068245206,0.0019822013024135,"✅ TRADE: Long Put (tail, OTM). Punteggio di convinzione 0.57, sopra la soglia minima di 0.4. Le condizioni favorevoli si sono allineate.

✓ Condizioni che hanno guidato la decisione: IV economica; Regime SHORT gamma; Niente pinning forte; Skew in espansione.

Gambe dell'operazione (su XSP):
BUY 1x PUT 715 @ 2.34 (~$234)

Strategia scelta perché singola put OTM — la struttura più economica e a rischio definito; esposizione asimmetrica al ribasso, premio contenuto. Scadenza 45 giorni, premio totale 2.34 punti (~$234, 5% del capitale). Perdita massima limitata al premio pagato.","[{""side"": ""BUY"", ""type"": ""PUT"", ""strike"": 715, ""qty"": 1, ""premium_pts"": 2.34, ""premium_usd"": 234.0}]",13.89,11.13,19.17,21.49,1.39,1.0
4,2026-07-17,long_vol,long_put,7457.69,745.769,670,45,1.58685,0.19,1,0.455,OPEN,,,,,SHORT,4.563160511595273,0.0020487515421885,"✅ TRADE: Long Put (tail, OTM). Punteggio di convinzione 0.46, sopra la soglia minima di 0.4. Le condizioni favorevoli si sono allineate.

✓ Condizioni che hanno guidato la decisione: IV economica; Regime SHORT gamma; Niente pinning forte; Skew in espansione.

Gambe dell'operazione (su XSP):
BUY 1x PUT 670 @ 0.19 (~$19)

Strategia scelta perché singola put OTM — la struttura più economica e a rischio definito; esposizione asimmetrica al ribasso, premio contenuto. Scadenza 45 giorni, premio totale 0.19 punti (~$19, 0% del capitale). Perdita massima limitata al premio pagato.","[{""side"": ""BUY"", ""type"": ""PUT"", ""strike"": 670, ""qty"": 1, ""premium_pts"": 0.19, ""premium_usd"": 19.0}]",14.66,11.32,20.64,23.18,2.59,1.0
